number of vial,retentate conc.
(-),(mM/L)
0,5.284274365
1,5.536176085
2,5.925941851
3,6.221067158
4,6.555081081
5,6.82521294
6,7.350199836
7,7.878064701
