Concentration,Conductivity
mM,uS/cm
5,600
20,1312.5
30,3620.689655
40,4941.176471
60,7241.37931
70,8400
80,9545.454545
100,12000
